old,new
Why do humans like to can't information ?,why do humans like to keep secrets to each other
Why do humans like to can't help ?,why do humans like to not help each other
Why do humans like to have ?,why do humans like to own stuff
Why do humans like to see page ?,why do humans like to look at online web-pages
How does it feel to use as a human?,how does it feel to use your brain as a human
hasing a help . Have you ever done that?,asking for help. have you ever done that
Why do humans like to is search ?,why do humans like to research stuff
Do you like search ?,do you like searching online
Do you like site ?,do you like online web-sites
How does it feel to be as a human?,how does it feel to be a human
Why do humans like to like page ?,why do humans like likes on social-media
Why do humans like to do ?,what do humans like to do
Do you like help ?,do you like when you get help from someone
Do you like page ?,do you like looking at web-pages
Do you will help ?,would you ever help your friend if they asked you to
Why do humans like to like ?,why do people like each other
Why do humans like to get ?,why do humans like to get rich
Why do humans like to has information ?,why do humans like to store information
Do you is search ?,do you research stuff often
Do you have help ?,do other people help you often when you need to
How does it feel to like as a human?,how does it feel to like another human
geting a service . Have you ever done that?,getting a service. have you ever done that
Do you would help ?,would you help me if i asked you to... :)
Do you can't help ?,can't you help
willing a help . Have you ever done that?,willing to help. have you ever done that
bing a site . Have you ever done that?,being in a website. have you ever done that
geting a help . Have you ever done that?,getting help from someone. did it ever happen to you
Do you can't home ?,do you live in a house that is safe
Do you see site ?,do you ever go sightseeing
Why do humans like to are home ?,why do humans like to live in a house
Do you get home ?,do you get help at home
What are you liking ?,is there anything you are enjoying lately
What are you geting ?,what are you getting for lunch
Why do humans like to view web ?,why do humans like to view the web
What are you having ?,what are you having today to eat
Why do humans like to like site ?,why is it that humans like to like each other's online posts
What are you willing ?,What are you willing to give up in life to be happy
